log_timestamp_ms,log_timestamp_iso,run_id,trial_num,event_category,event_type,device_udi,metric_id,commanded_value,observed_value,latency_ms,inter_sample_ms,notes
1775177500688,2026-04-02T20:51:40.688,0,0,NUMERIC,MDC_FLOW_FLUID_PUMP,"HUiCyv3WB4sHKzyMSzUcMmcD5wU4jCnqAzWi","MDC_FLOW_FLUID_PUMP",,5.0,,,""
1775177500689,2026-04-02T20:51:40.689,0,0,NUMERIC,VOLUME_INFUSED,"HUiCyv3WB4sHKzyMSzUcMmcD5wU4jCnqAzWi","VOLUME_INFUSED",,0.041666668,,,""
1775177500689,2026-04-02T20:51:40.689,0,0,NUMERIC,VTBI,"HUiCyv3WB4sHKzyMSzUcMmcD5wU4jCnqAzWi","VTBI",,99.95834,,,""
1775177500689,2026-04-02T20:51:40.689,0,0,NUMERIC,BATTERY_LEVEL,"HUiCyv3WB4sHKzyMSzUcMmcD5wU4jCnqAzWi","BATTERY_LEVEL",,85.0,,,""
1775177501687,2026-04-02T20:51:41.687,0,0,NUMERIC,MDC_FLOW_FLUID_PUMP,"HUiCyv3WB4sHKzyMSzUcMmcD5wU4jCnqAzWi","MDC_FLOW_FLUID_PUMP",,5.0,,999,""
1775177501688,2026-04-02T20:51:41.688,0,0,NUMERIC,VOLUME_INFUSED,"HUiCyv3WB4sHKzyMSzUcMmcD5wU4jCnqAzWi","VOLUME_INFUSED",,0.043055557,,999,""
1775177501688,2026-04-02T20:51:41.688,0,0,NUMERIC,VTBI,"HUiCyv3WB4sHKzyMSzUcMmcD5wU4jCnqAzWi","VTBI",,99.956955,,999,""
1775177501688,2026-04-02T20:51:41.688,0,0,NUMERIC,BATTERY_LEVEL,"HUiCyv3WB4sHKzyMSzUcMmcD5wU4jCnqAzWi","BATTERY_LEVEL",,85.0,,999,""
1775177502689,2026-04-02T20:51:42.689,0,0,NUMERIC,MDC_FLOW_FLUID_PUMP,"HUiCyv3WB4sHKzyMSzUcMmcD5wU4jCnqAzWi","MDC_FLOW_FLUID_PUMP",,5.0,,1002,""
1775177502689,2026-04-02T20:51:42.689,0,0,NUMERIC,VOLUME_INFUSED,"HUiCyv3WB4sHKzyMSzUcMmcD5wU4jCnqAzWi","VOLUME_INFUSED",,0.044444446,,1001,""
1775177502689,2026-04-02T20:51:42.689,0,0,NUMERIC,VTBI,"HUiCyv3WB4sHKzyMSzUcMmcD5wU4jCnqAzWi","VTBI",,99.95557,,1001,""
1775177502689,2026-04-02T20:51:42.689,0,0,NUMERIC,BATTERY_LEVEL,"HUiCyv3WB4sHKzyMSzUcMmcD5wU4jCnqAzWi","BATTERY_LEVEL",,85.0,,1001,""
1775177502736,2026-04-02T20:51:42.736,0,0,HEARTBEAT,HEARTBEAT,"HUiCyv3WB4sHKzyMSzUcMmcD5wU4jCnqAzWi","HEARTBEAT",,5,,,""
1775177503688,2026-04-02T20:51:43.688,0,0,NUMERIC,MDC_FLOW_FLUID_PUMP,"HUiCyv3WB4sHKzyMSzUcMmcD5wU4jCnqAzWi","MDC_FLOW_FLUID_PUMP",,5.0,,999,""
1775177503688,2026-04-02T20:51:43.688,0,0,NUMERIC,VOLUME_INFUSED,"HUiCyv3WB4sHKzyMSzUcMmcD5wU4jCnqAzWi","VOLUME_INFUSED",,0.045833334,,999,""
1775177503688,2026-04-02T20:51:43.688,0,0,NUMERIC,VTBI,"HUiCyv3WB4sHKzyMSzUcMmcD5wU4jCnqAzWi","VTBI",,99.95418,,999,""
1775177503689,2026-04-02T20:51:43.689,0,0,NUMERIC,BATTERY_LEVEL,"HUiCyv3WB4sHKzyMSzUcMmcD5wU4jCnqAzWi","BATTERY_LEVEL",,85.0,,1000,""
1775177504688,2026-04-02T20:51:44.688,0,0,NUMERIC,MDC_FLOW_FLUID_PUMP,"HUiCyv3WB4sHKzyMSzUcMmcD5wU4jCnqAzWi","MDC_FLOW_FLUID_PUMP",,5.0,,1000,""
1775177504688,2026-04-02T20:51:44.688,0,0,NUMERIC,VOLUME_INFUSED,"HUiCyv3WB4sHKzyMSzUcMmcD5wU4jCnqAzWi","VOLUME_INFUSED",,0.047222223,,1000,""
1775177504688,2026-04-02T20:51:44.688,0,0,NUMERIC,VTBI,"HUiCyv3WB4sHKzyMSzUcMmcD5wU4jCnqAzWi","VTBI",,99.95279,,1000,""
1775177504689,2026-04-02T20:51:44.689,0,0,NUMERIC,BATTERY_LEVEL,"HUiCyv3WB4sHKzyMSzUcMmcD5wU4jCnqAzWi","BATTERY_LEVEL",,85.0,,1000,""
1775177505688,2026-04-02T20:51:45.688,0,0,NUMERIC,MDC_FLOW_FLUID_PUMP,"HUiCyv3WB4sHKzyMSzUcMmcD5wU4jCnqAzWi","MDC_FLOW_FLUID_PUMP",,5.0,,1000,""
1775177505688,2026-04-02T20:51:45.688,0,0,NUMERIC,VOLUME_INFUSED,"HUiCyv3WB4sHKzyMSzUcMmcD5wU4jCnqAzWi","VOLUME_INFUSED",,0.048611112,,1000,""
1775177505688,2026-04-02T20:51:45.688,0,0,NUMERIC,VTBI,"HUiCyv3WB4sHKzyMSzUcMmcD5wU4jCnqAzWi","VTBI",,99.9514,,1000,""
1775177505689,2026-04-02T20:51:45.689,0,0,NUMERIC,BATTERY_LEVEL,"HUiCyv3WB4sHKzyMSzUcMmcD5wU4jCnqAzWi","BATTERY_LEVEL",,85.0,,1000,""
1775177506688,2026-04-02T20:51:46.688,0,0,NUMERIC,MDC_FLOW_FLUID_PUMP,"HUiCyv3WB4sHKzyMSzUcMmcD5wU4jCnqAzWi","MDC_FLOW_FLUID_PUMP",,5.0,,1000,""
1775177506689,2026-04-02T20:51:46.689,0,0,NUMERIC,VOLUME_INFUSED,"HUiCyv3WB4sHKzyMSzUcMmcD5wU4jCnqAzWi","VOLUME_INFUSED",,0.05,,1001,""
1775177506689,2026-04-02T20:51:46.689,0,0,NUMERIC,VTBI,"HUiCyv3WB4sHKzyMSzUcMmcD5wU4jCnqAzWi","VTBI",,99.95001,,1001,""
1775177506689,2026-04-02T20:51:46.689,0,0,NUMERIC,BATTERY_LEVEL,"HUiCyv3WB4sHKzyMSzUcMmcD5wU4jCnqAzWi","BATTERY_LEVEL",,85.0,,1000,""
1775177507689,2026-04-02T20:51:47.689,0,0,NUMERIC,MDC_FLOW_FLUID_PUMP,"HUiCyv3WB4sHKzyMSzUcMmcD5wU4jCnqAzWi","MDC_FLOW_FLUID_PUMP",,5.0,,1001,""
1775177507690,2026-04-02T20:51:47.690,0,0,NUMERIC,VOLUME_INFUSED,"HUiCyv3WB4sHKzyMSzUcMmcD5wU4jCnqAzWi","VOLUME_INFUSED",,0.05138889,,1001,""
1775177507690,2026-04-02T20:51:47.690,0,0,NUMERIC,VTBI,"HUiCyv3WB4sHKzyMSzUcMmcD5wU4jCnqAzWi","VTBI",,99.94862,,1001,""
1775177507691,2026-04-02T20:51:47.691,0,0,NUMERIC,BATTERY_LEVEL,"HUiCyv3WB4sHKzyMSzUcMmcD5wU4jCnqAzWi","BATTERY_LEVEL",,85.0,,1002,""
1775177507691,2026-04-02T20:51:47.691,0,0,HEARTBEAT,HEARTBEAT,"HUiCyv3WB4sHKzyMSzUcMmcD5wU4jCnqAzWi","HEARTBEAT",,6,,4955,""
1775177508688,2026-04-02T20:51:48.688,0,0,NUMERIC,MDC_FLOW_FLUID_PUMP,"HUiCyv3WB4sHKzyMSzUcMmcD5wU4jCnqAzWi","MDC_FLOW_FLUID_PUMP",,5.0,,999,""
1775177508688,2026-04-02T20:51:48.688,0,0,NUMERIC,VOLUME_INFUSED,"HUiCyv3WB4sHKzyMSzUcMmcD5wU4jCnqAzWi","VOLUME_INFUSED",,0.05277778,,998,""
1775177508688,2026-04-02T20:51:48.688,0,0,NUMERIC,VTBI,"HUiCyv3WB4sHKzyMSzUcMmcD5wU4jCnqAzWi","VTBI",,99.947235,,998,""
1775177508689,2026-04-02T20:51:48.689,0,0,NUMERIC,BATTERY_LEVEL,"HUiCyv3WB4sHKzyMSzUcMmcD5wU4jCnqAzWi","BATTERY_LEVEL",,85.0,,998,""
1775177509688,2026-04-02T20:51:49.688,0,0,NUMERIC,MDC_FLOW_FLUID_PUMP,"HUiCyv3WB4sHKzyMSzUcMmcD5wU4jCnqAzWi","MDC_FLOW_FLUID_PUMP",,5.0,,1000,""
1775177509688,2026-04-02T20:51:49.688,0,0,NUMERIC,VOLUME_INFUSED,"HUiCyv3WB4sHKzyMSzUcMmcD5wU4jCnqAzWi","VOLUME_INFUSED",,0.054166667,,1000,""
1775177509688,2026-04-02T20:51:49.688,0,0,NUMERIC,VTBI,"HUiCyv3WB4sHKzyMSzUcMmcD5wU4jCnqAzWi","VTBI",,99.94585,,1000,""
1775177509688,2026-04-02T20:51:49.688,0,0,NUMERIC,BATTERY_LEVEL,"HUiCyv3WB4sHKzyMSzUcMmcD5wU4jCnqAzWi","BATTERY_LEVEL",,85.0,,999,""
1775177510688,2026-04-02T20:51:50.688,0,0,NUMERIC,MDC_FLOW_FLUID_PUMP,"HUiCyv3WB4sHKzyMSzUcMmcD5wU4jCnqAzWi","MDC_FLOW_FLUID_PUMP",,5.0,,1000,""
1775177510688,2026-04-02T20:51:50.688,0,0,NUMERIC,VOLUME_INFUSED,"HUiCyv3WB4sHKzyMSzUcMmcD5wU4jCnqAzWi","VOLUME_INFUSED",,0.055555556,,1000,""
1775177510688,2026-04-02T20:51:50.688,0,0,NUMERIC,VTBI,"HUiCyv3WB4sHKzyMSzUcMmcD5wU4jCnqAzWi","VTBI",,99.94446,,1000,""
1775177510689,2026-04-02T20:51:50.689,0,0,NUMERIC,BATTERY_LEVEL,"HUiCyv3WB4sHKzyMSzUcMmcD5wU4jCnqAzWi","BATTERY_LEVEL",,85.0,,1001,""
1775177511688,2026-04-02T20:51:51.688,0,0,NUMERIC,MDC_FLOW_FLUID_PUMP,"HUiCyv3WB4sHKzyMSzUcMmcD5wU4jCnqAzWi","MDC_FLOW_FLUID_PUMP",,5.0,,1000,""
1775177511689,2026-04-02T20:51:51.689,0,0,NUMERIC,VOLUME_INFUSED,"HUiCyv3WB4sHKzyMSzUcMmcD5wU4jCnqAzWi","VOLUME_INFUSED",,0.056944445,,1001,""
1775177511689,2026-04-02T20:51:51.689,0,0,NUMERIC,VTBI,"HUiCyv3WB4sHKzyMSzUcMmcD5wU4jCnqAzWi","VTBI",,99.94307,,1001,""
1775177511689,2026-04-02T20:51:51.689,0,0,NUMERIC,BATTERY_LEVEL,"HUiCyv3WB4sHKzyMSzUcMmcD5wU4jCnqAzWi","BATTERY_LEVEL",,85.0,,1000,""
1775177512687,2026-04-02T20:51:52.687,0,0,NUMERIC,MDC_FLOW_FLUID_PUMP,"HUiCyv3WB4sHKzyMSzUcMmcD5wU4jCnqAzWi","MDC_FLOW_FLUID_PUMP",,5.0,,999,""
1775177512688,2026-04-02T20:51:52.688,0,0,NUMERIC,VOLUME_INFUSED,"HUiCyv3WB4sHKzyMSzUcMmcD5wU4jCnqAzWi","VOLUME_INFUSED",,0.058333334,,999,""
1775177512688,2026-04-02T20:51:52.688,0,0,NUMERIC,VTBI,"HUiCyv3WB4sHKzyMSzUcMmcD5wU4jCnqAzWi","VTBI",,99.94168,,999,""
1775177512688,2026-04-02T20:51:52.688,0,0,NUMERIC,BATTERY_LEVEL,"HUiCyv3WB4sHKzyMSzUcMmcD5wU4jCnqAzWi","BATTERY_LEVEL",,85.0,,999,""
1775177512690,2026-04-02T20:51:52.690,0,0,HEARTBEAT,HEARTBEAT,"HUiCyv3WB4sHKzyMSzUcMmcD5wU4jCnqAzWi","HEARTBEAT",,7,,4999,""
1775177513690,2026-04-02T20:51:53.690,0,0,NUMERIC,MDC_FLOW_FLUID_PUMP,"HUiCyv3WB4sHKzyMSzUcMmcD5wU4jCnqAzWi","MDC_FLOW_FLUID_PUMP",,5.0,,1003,""
1775177513690,2026-04-02T20:51:53.690,0,0,NUMERIC,VOLUME_INFUSED,"HUiCyv3WB4sHKzyMSzUcMmcD5wU4jCnqAzWi","VOLUME_INFUSED",,0.059722222,,1002,""
1775177513691,2026-04-02T20:51:53.691,0,0,NUMERIC,VTBI,"HUiCyv3WB4sHKzyMSzUcMmcD5wU4jCnqAzWi","VTBI",,99.94029,,1003,""
1775177513691,2026-04-02T20:51:53.691,0,0,NUMERIC,BATTERY_LEVEL,"HUiCyv3WB4sHKzyMSzUcMmcD5wU4jCnqAzWi","BATTERY_LEVEL",,85.0,,1003,""
1775177514689,2026-04-02T20:51:54.689,0,0,NUMERIC,MDC_FLOW_FLUID_PUMP,"HUiCyv3WB4sHKzyMSzUcMmcD5wU4jCnqAzWi","MDC_FLOW_FLUID_PUMP",,5.0,,999,""
1775177514690,2026-04-02T20:51:54.690,0,0,NUMERIC,VOLUME_INFUSED,"HUiCyv3WB4sHKzyMSzUcMmcD5wU4jCnqAzWi","VOLUME_INFUSED",,0.06111111,,1000,""
1775177514690,2026-04-02T20:51:54.690,0,0,NUMERIC,VTBI,"HUiCyv3WB4sHKzyMSzUcMmcD5wU4jCnqAzWi","VTBI",,99.9389,,999,""
1775177514690,2026-04-02T20:51:54.690,0,0,NUMERIC,BATTERY_LEVEL,"HUiCyv3WB4sHKzyMSzUcMmcD5wU4jCnqAzWi","BATTERY_LEVEL",,85.0,,999,""
1775177515690,2026-04-02T20:51:55.690,0,0,NUMERIC,MDC_FLOW_FLUID_PUMP,"HUiCyv3WB4sHKzyMSzUcMmcD5wU4jCnqAzWi","MDC_FLOW_FLUID_PUMP",,5.0,,1001,""
1775177515690,2026-04-02T20:51:55.690,0,0,NUMERIC,VOLUME_INFUSED,"HUiCyv3WB4sHKzyMSzUcMmcD5wU4jCnqAzWi","VOLUME_INFUSED",,0.0625,,1000,""
1775177515691,2026-04-02T20:51:55.691,0,0,NUMERIC,VTBI,"HUiCyv3WB4sHKzyMSzUcMmcD5wU4jCnqAzWi","VTBI",,99.937515,,1001,""
1775177515691,2026-04-02T20:51:55.691,0,0,NUMERIC,BATTERY_LEVEL,"HUiCyv3WB4sHKzyMSzUcMmcD5wU4jCnqAzWi","BATTERY_LEVEL",,85.0,,1001,""
1775177516688,2026-04-02T20:51:56.688,0,0,NUMERIC,MDC_FLOW_FLUID_PUMP,"HUiCyv3WB4sHKzyMSzUcMmcD5wU4jCnqAzWi","MDC_FLOW_FLUID_PUMP",,5.0,,998,""
1775177516689,2026-04-02T20:51:56.689,0,0,NUMERIC,VOLUME_INFUSED,"HUiCyv3WB4sHKzyMSzUcMmcD5wU4jCnqAzWi","VOLUME_INFUSED",,0.06388889,,999,""
1775177516689,2026-04-02T20:51:56.689,0,0,NUMERIC,VTBI,"HUiCyv3WB4sHKzyMSzUcMmcD5wU4jCnqAzWi","VTBI",,99.93613,,998,""
1775177516689,2026-04-02T20:51:56.689,0,0,NUMERIC,BATTERY_LEVEL,"HUiCyv3WB4sHKzyMSzUcMmcD5wU4jCnqAzWi","BATTERY_LEVEL",,85.0,,998,""
1775177517687,2026-04-02T20:51:57.687,0,0,NUMERIC,MDC_FLOW_FLUID_PUMP,"HUiCyv3WB4sHKzyMSzUcMmcD5wU4jCnqAzWi","MDC_FLOW_FLUID_PUMP",,5.0,,999,""
1775177517688,2026-04-02T20:51:57.688,0,0,NUMERIC,VOLUME_INFUSED,"HUiCyv3WB4sHKzyMSzUcMmcD5wU4jCnqAzWi","VOLUME_INFUSED",,0.065277785,,999,""
1775177517688,2026-04-02T20:51:57.688,0,0,NUMERIC,VTBI,"HUiCyv3WB4sHKzyMSzUcMmcD5wU4jCnqAzWi","VTBI",,99.93474,,999,""
1775177517688,2026-04-02T20:51:57.688,0,0,NUMERIC,BATTERY_LEVEL,"HUiCyv3WB4sHKzyMSzUcMmcD5wU4jCnqAzWi","BATTERY_LEVEL",,85.0,,999,""
1775177517689,2026-04-02T20:51:57.689,0,0,HEARTBEAT,HEARTBEAT,"HUiCyv3WB4sHKzyMSzUcMmcD5wU4jCnqAzWi","HEARTBEAT",,8,,4999,""
1775177518688,2026-04-02T20:51:58.688,0,0,NUMERIC,MDC_FLOW_FLUID_PUMP,"HUiCyv3WB4sHKzyMSzUcMmcD5wU4jCnqAzWi","MDC_FLOW_FLUID_PUMP",,5.0,,1001,""
1775177518688,2026-04-02T20:51:58.688,0,0,NUMERIC,VOLUME_INFUSED,"HUiCyv3WB4sHKzyMSzUcMmcD5wU4jCnqAzWi","VOLUME_INFUSED",,0.06666668,,1000,""
1775177518688,2026-04-02T20:51:58.688,0,0,NUMERIC,VTBI,"HUiCyv3WB4sHKzyMSzUcMmcD5wU4jCnqAzWi","VTBI",,99.93335,,1000,""
1775177518689,2026-04-02T20:51:58.689,0,0,NUMERIC,BATTERY_LEVEL,"HUiCyv3WB4sHKzyMSzUcMmcD5wU4jCnqAzWi","BATTERY_LEVEL",,85.0,,1001,""
1775177519687,2026-04-02T20:51:59.687,0,0,NUMERIC,MDC_FLOW_FLUID_PUMP,"HUiCyv3WB4sHKzyMSzUcMmcD5wU4jCnqAzWi","MDC_FLOW_FLUID_PUMP",,5.0,,999,""
1775177519688,2026-04-02T20:51:59.688,0,0,NUMERIC,VOLUME_INFUSED,"HUiCyv3WB4sHKzyMSzUcMmcD5wU4jCnqAzWi","VOLUME_INFUSED",,0.06805557,,1000,""
1775177519688,2026-04-02T20:51:59.688,0,0,NUMERIC,VTBI,"HUiCyv3WB4sHKzyMSzUcMmcD5wU4jCnqAzWi","VTBI",,99.93196,,1000,""
1775177519688,2026-04-02T20:51:59.688,0,0,NUMERIC,BATTERY_LEVEL,"HUiCyv3WB4sHKzyMSzUcMmcD5wU4jCnqAzWi","BATTERY_LEVEL",,85.0,,999,""
1775177520689,2026-04-02T20:52:00.689,0,0,NUMERIC,MDC_FLOW_FLUID_PUMP,"HUiCyv3WB4sHKzyMSzUcMmcD5wU4jCnqAzWi","MDC_FLOW_FLUID_PUMP",,5.0,,1002,""
1775177520689,2026-04-02T20:52:00.689,0,0,NUMERIC,VOLUME_INFUSED,"HUiCyv3WB4sHKzyMSzUcMmcD5wU4jCnqAzWi","VOLUME_INFUSED",,0.06944446,,1001,""
1775177520689,2026-04-02T20:52:00.689,0,0,NUMERIC,VTBI,"HUiCyv3WB4sHKzyMSzUcMmcD5wU4jCnqAzWi","VTBI",,99.93057,,1001,""
1775177520689,2026-04-02T20:52:00.689,0,0,NUMERIC,BATTERY_LEVEL,"HUiCyv3WB4sHKzyMSzUcMmcD5wU4jCnqAzWi","BATTERY_LEVEL",,85.0,,1001,""
1775177521687,2026-04-02T20:52:01.687,0,0,NUMERIC,MDC_FLOW_FLUID_PUMP,"HUiCyv3WB4sHKzyMSzUcMmcD5wU4jCnqAzWi","MDC_FLOW_FLUID_PUMP",,5.0,,998,""
1775177521688,2026-04-02T20:52:01.688,0,0,NUMERIC,VOLUME_INFUSED,"HUiCyv3WB4sHKzyMSzUcMmcD5wU4jCnqAzWi","VOLUME_INFUSED",,0.070833355,,999,""
1775177521688,2026-04-02T20:52:01.688,0,0,NUMERIC,VTBI,"HUiCyv3WB4sHKzyMSzUcMmcD5wU4jCnqAzWi","VTBI",,99.929184,,999,""
1775177521688,2026-04-02T20:52:01.688,0,0,NUMERIC,BATTERY_LEVEL,"HUiCyv3WB4sHKzyMSzUcMmcD5wU4jCnqAzWi","BATTERY_LEVEL",,85.0,,999,""
1775177522692,2026-04-02T20:52:02.692,0,0,NUMERIC,MDC_FLOW_FLUID_PUMP,"HUiCyv3WB4sHKzyMSzUcMmcD5wU4jCnqAzWi","MDC_FLOW_FLUID_PUMP",,5.0,,1005,""
1775177522692,2026-04-02T20:52:02.692,0,0,NUMERIC,VOLUME_INFUSED,"HUiCyv3WB4sHKzyMSzUcMmcD5wU4jCnqAzWi","VOLUME_INFUSED",,0.07222225,,1004,""
1775177522696,2026-04-02T20:52:02.696,0,0,NUMERIC,VTBI,"HUiCyv3WB4sHKzyMSzUcMmcD5wU4jCnqAzWi","VTBI",,99.927795,,1008,""
1775177522696,2026-04-02T20:52:02.696,0,0,NUMERIC,BATTERY_LEVEL,"HUiCyv3WB4sHKzyMSzUcMmcD5wU4jCnqAzWi","BATTERY_LEVEL",,85.0,,1008,""
1775177522782,2026-04-02T20:52:02.782,0,0,HEARTBEAT,HEARTBEAT,"HUiCyv3WB4sHKzyMSzUcMmcD5wU4jCnqAzWi","HEARTBEAT",,9,,5093,""
1775177523688,2026-04-02T20:52:03.688,0,0,NUMERIC,MDC_FLOW_FLUID_PUMP,"HUiCyv3WB4sHKzyMSzUcMmcD5wU4jCnqAzWi","MDC_FLOW_FLUID_PUMP",,5.0,,996,""
1775177523689,2026-04-02T20:52:03.689,0,0,NUMERIC,VOLUME_INFUSED,"HUiCyv3WB4sHKzyMSzUcMmcD5wU4jCnqAzWi","VOLUME_INFUSED",,0.07361114,,997,""
1775177523689,2026-04-02T20:52:03.689,0,0,NUMERIC,VTBI,"HUiCyv3WB4sHKzyMSzUcMmcD5wU4jCnqAzWi","VTBI",,99.92641,,993,""
1775177523690,2026-04-02T20:52:03.690,0,0,NUMERIC,BATTERY_LEVEL,"HUiCyv3WB4sHKzyMSzUcMmcD5wU4jCnqAzWi","BATTERY_LEVEL",,85.0,,994,""
1775177524688,2026-04-02T20:52:04.688,0,0,NUMERIC,MDC_FLOW_FLUID_PUMP,"HUiCyv3WB4sHKzyMSzUcMmcD5wU4jCnqAzWi","MDC_FLOW_FLUID_PUMP",,5.0,,1000,""
1775177524689,2026-04-02T20:52:04.689,0,0,NUMERIC,VOLUME_INFUSED,"HUiCyv3WB4sHKzyMSzUcMmcD5wU4jCnqAzWi","VOLUME_INFUSED",,0.07500003,,1000,""
1775177524689,2026-04-02T20:52:04.689,0,0,NUMERIC,VTBI,"HUiCyv3WB4sHKzyMSzUcMmcD5wU4jCnqAzWi","VTBI",,99.92502,,1000,""
1775177524689,2026-04-02T20:52:04.689,0,0,NUMERIC,BATTERY_LEVEL,"HUiCyv3WB4sHKzyMSzUcMmcD5wU4jCnqAzWi","BATTERY_LEVEL",,85.0,,999,""
1775177525689,2026-04-02T20:52:05.689,0,0,NUMERIC,MDC_FLOW_FLUID_PUMP,"HUiCyv3WB4sHKzyMSzUcMmcD5wU4jCnqAzWi","MDC_FLOW_FLUID_PUMP",,5.0,,1001,""
1775177525690,2026-04-02T20:52:05.690,0,0,NUMERIC,VOLUME_INFUSED,"HUiCyv3WB4sHKzyMSzUcMmcD5wU4jCnqAzWi","VOLUME_INFUSED",,0.076388925,,1001,""
1775177525690,2026-04-02T20:52:05.690,0,0,NUMERIC,VTBI,"HUiCyv3WB4sHKzyMSzUcMmcD5wU4jCnqAzWi","VTBI",,99.92363,,1001,""
1775177525690,2026-04-02T20:52:05.690,0,0,NUMERIC,BATTERY_LEVEL,"HUiCyv3WB4sHKzyMSzUcMmcD5wU4jCnqAzWi","BATTERY_LEVEL",,85.0,,1001,""
1775177526689,2026-04-02T20:52:06.689,0,0,NUMERIC,MDC_FLOW_FLUID_PUMP,"HUiCyv3WB4sHKzyMSzUcMmcD5wU4jCnqAzWi","MDC_FLOW_FLUID_PUMP",,5.0,,1000,""
1775177526689,2026-04-02T20:52:06.689,0,0,NUMERIC,VOLUME_INFUSED,"HUiCyv3WB4sHKzyMSzUcMmcD5wU4jCnqAzWi","VOLUME_INFUSED",,0.07777782,,999,""
1775177526689,2026-04-02T20:52:06.689,0,0,NUMERIC,VTBI,"HUiCyv3WB4sHKzyMSzUcMmcD5wU4jCnqAzWi","VTBI",,99.92224,,999,""
1775177526689,2026-04-02T20:52:06.689,0,0,NUMERIC,BATTERY_LEVEL,"HUiCyv3WB4sHKzyMSzUcMmcD5wU4jCnqAzWi","BATTERY_LEVEL",,85.0,,999,""
1775177527688,2026-04-02T20:52:07.688,0,0,NUMERIC,MDC_FLOW_FLUID_PUMP,"HUiCyv3WB4sHKzyMSzUcMmcD5wU4jCnqAzWi","MDC_FLOW_FLUID_PUMP",,5.0,,999,""
1775177527688,2026-04-02T20:52:07.688,0,0,NUMERIC,VOLUME_INFUSED,"HUiCyv3WB4sHKzyMSzUcMmcD5wU4jCnqAzWi","VOLUME_INFUSED",,0.07916671,,999,""
1775177527688,2026-04-02T20:52:07.688,0,0,NUMERIC,VTBI,"HUiCyv3WB4sHKzyMSzUcMmcD5wU4jCnqAzWi","VTBI",,99.92085,,999,""
1775177527688,2026-04-02T20:52:07.688,0,0,NUMERIC,BATTERY_LEVEL,"HUiCyv3WB4sHKzyMSzUcMmcD5wU4jCnqAzWi","BATTERY_LEVEL",,85.0,,999,""
1775177527714,2026-04-02T20:52:07.714,0,0,HEARTBEAT,HEARTBEAT,"HUiCyv3WB4sHKzyMSzUcMmcD5wU4jCnqAzWi","HEARTBEAT",,10,,4932,""
1775177528688,2026-04-02T20:52:08.688,0,0,NUMERIC,MDC_FLOW_FLUID_PUMP,"HUiCyv3WB4sHKzyMSzUcMmcD5wU4jCnqAzWi","MDC_FLOW_FLUID_PUMP",,5.0,,1000,""
1775177528689,2026-04-02T20:52:08.689,0,0,NUMERIC,VOLUME_INFUSED,"HUiCyv3WB4sHKzyMSzUcMmcD5wU4jCnqAzWi","VOLUME_INFUSED",,0.0805556,,1001,""
1775177528689,2026-04-02T20:52:08.689,0,0,NUMERIC,VTBI,"HUiCyv3WB4sHKzyMSzUcMmcD5wU4jCnqAzWi","VTBI",,99.919464,,1001,""
1775177528689,2026-04-02T20:52:08.689,0,0,NUMERIC,BATTERY_LEVEL,"HUiCyv3WB4sHKzyMSzUcMmcD5wU4jCnqAzWi","BATTERY_LEVEL",,85.0,,1001,""
1775177529688,2026-04-02T20:52:09.688,0,0,NUMERIC,MDC_FLOW_FLUID_PUMP,"HUiCyv3WB4sHKzyMSzUcMmcD5wU4jCnqAzWi","MDC_FLOW_FLUID_PUMP",,5.0,,1000,""
1775177529689,2026-04-02T20:52:09.689,0,0,NUMERIC,VOLUME_INFUSED,"HUiCyv3WB4sHKzyMSzUcMmcD5wU4jCnqAzWi","VOLUME_INFUSED",,0.081944495,,1000,""
1775177529689,2026-04-02T20:52:09.689,0,0,NUMERIC,VTBI,"HUiCyv3WB4sHKzyMSzUcMmcD5wU4jCnqAzWi","VTBI",,99.918076,,1000,""
1775177529689,2026-04-02T20:52:09.689,0,0,NUMERIC,BATTERY_LEVEL,"HUiCyv3WB4sHKzyMSzUcMmcD5wU4jCnqAzWi","BATTERY_LEVEL",,85.0,,1000,""
1775177530688,2026-04-02T20:52:10.688,0,0,NUMERIC,MDC_FLOW_FLUID_PUMP,"HUiCyv3WB4sHKzyMSzUcMmcD5wU4jCnqAzWi","MDC_FLOW_FLUID_PUMP",,5.0,,1000,""
1775177530689,2026-04-02T20:52:10.689,0,0,NUMERIC,VOLUME_INFUSED,"HUiCyv3WB4sHKzyMSzUcMmcD5wU4jCnqAzWi","VOLUME_INFUSED",,0.08333339,,1000,""
1775177530689,2026-04-02T20:52:10.689,0,0,NUMERIC,VTBI,"HUiCyv3WB4sHKzyMSzUcMmcD5wU4jCnqAzWi","VTBI",,99.91669,,1000,""
1775177530689,2026-04-02T20:52:10.689,0,0,NUMERIC,BATTERY_LEVEL,"HUiCyv3WB4sHKzyMSzUcMmcD5wU4jCnqAzWi","BATTERY_LEVEL",,85.0,,1000,""
1775177531689,2026-04-02T20:52:11.689,0,0,NUMERIC,MDC_FLOW_FLUID_PUMP,"HUiCyv3WB4sHKzyMSzUcMmcD5wU4jCnqAzWi","MDC_FLOW_FLUID_PUMP",,5.0,,1001,""
1775177531690,2026-04-02T20:52:11.690,0,0,NUMERIC,VOLUME_INFUSED,"HUiCyv3WB4sHKzyMSzUcMmcD5wU4jCnqAzWi","VOLUME_INFUSED",,0.08472228,,1001,""
1775177531690,2026-04-02T20:52:11.690,0,0,NUMERIC,VTBI,"HUiCyv3WB4sHKzyMSzUcMmcD5wU4jCnqAzWi","VTBI",,99.9153,,1001,""
1775177531690,2026-04-02T20:52:11.690,0,0,NUMERIC,BATTERY_LEVEL,"HUiCyv3WB4sHKzyMSzUcMmcD5wU4jCnqAzWi","BATTERY_LEVEL",,85.0,,1001,""
1775177532689,2026-04-02T20:52:12.689,0,0,NUMERIC,MDC_FLOW_FLUID_PUMP,"HUiCyv3WB4sHKzyMSzUcMmcD5wU4jCnqAzWi","MDC_FLOW_FLUID_PUMP",,5.0,,1000,""
1775177532690,2026-04-02T20:52:12.690,0,0,NUMERIC,VOLUME_INFUSED,"HUiCyv3WB4sHKzyMSzUcMmcD5wU4jCnqAzWi","VOLUME_INFUSED",,0.08611117,,1000,""
1775177532690,2026-04-02T20:52:12.690,0,0,NUMERIC,VTBI,"HUiCyv3WB4sHKzyMSzUcMmcD5wU4jCnqAzWi","VTBI",,99.91391,,1000,""
1775177532690,2026-04-02T20:52:12.690,0,0,NUMERIC,BATTERY_LEVEL,"HUiCyv3WB4sHKzyMSzUcMmcD5wU4jCnqAzWi","BATTERY_LEVEL",,85.0,,1000,""
1775177532691,2026-04-02T20:52:12.691,0,0,HEARTBEAT,HEARTBEAT,"HUiCyv3WB4sHKzyMSzUcMmcD5wU4jCnqAzWi","HEARTBEAT",,11,,4977,""
1775177533744,2026-04-02T20:52:13.744,0,0,NUMERIC,MDC_FLOW_FLUID_PUMP,"HUiCyv3WB4sHKzyMSzUcMmcD5wU4jCnqAzWi","MDC_FLOW_FLUID_PUMP",,5.0,,1055,""
1775177533745,2026-04-02T20:52:13.745,0,0,NUMERIC,VOLUME_INFUSED,"HUiCyv3WB4sHKzyMSzUcMmcD5wU4jCnqAzWi","VOLUME_INFUSED",,0.087500066,,1055,""
1775177533745,2026-04-02T20:52:13.745,0,0,NUMERIC,VTBI,"HUiCyv3WB4sHKzyMSzUcMmcD5wU4jCnqAzWi","VTBI",,99.91252,,1055,""
1775177533745,2026-04-02T20:52:13.745,0,0,NUMERIC,BATTERY_LEVEL,"HUiCyv3WB4sHKzyMSzUcMmcD5wU4jCnqAzWi","BATTERY_LEVEL",,85.0,,1055,""
1775177534689,2026-04-02T20:52:14.689,0,0,NUMERIC,MDC_FLOW_FLUID_PUMP,"HUiCyv3WB4sHKzyMSzUcMmcD5wU4jCnqAzWi","MDC_FLOW_FLUID_PUMP",,5.0,,945,""
1775177534689,2026-04-02T20:52:14.689,0,0,NUMERIC,VOLUME_INFUSED,"HUiCyv3WB4sHKzyMSzUcMmcD5wU4jCnqAzWi","VOLUME_INFUSED",,0.08888896,,944,""
1775177534689,2026-04-02T20:52:14.689,0,0,NUMERIC,VTBI,"HUiCyv3WB4sHKzyMSzUcMmcD5wU4jCnqAzWi","VTBI",,99.91113,,944,""
1775177534689,2026-04-02T20:52:14.689,0,0,NUMERIC,BATTERY_LEVEL,"HUiCyv3WB4sHKzyMSzUcMmcD5wU4jCnqAzWi","BATTERY_LEVEL",,85.0,,944,""
1775177535718,2026-04-02T20:52:15.718,0,0,NUMERIC,MDC_FLOW_FLUID_PUMP,"HUiCyv3WB4sHKzyMSzUcMmcD5wU4jCnqAzWi","MDC_FLOW_FLUID_PUMP",,10.0,,1029,""
1775177535719,2026-04-02T20:52:15.719,0,0,NUMERIC,VOLUME_INFUSED,"HUiCyv3WB4sHKzyMSzUcMmcD5wU4jCnqAzWi","VOLUME_INFUSED",,0.091666736,,1030,""
1775177535719,2026-04-02T20:52:15.719,0,0,NUMERIC,VTBI,"HUiCyv3WB4sHKzyMSzUcMmcD5wU4jCnqAzWi","VTBI",,99.908356,,1030,""
1775177535719,2026-04-02T20:52:15.719,0,0,NUMERIC,BATTERY_LEVEL,"HUiCyv3WB4sHKzyMSzUcMmcD5wU4jCnqAzWi","BATTERY_LEVEL",,84.99999,,1030,""
1775177536688,2026-04-02T20:52:16.688,0,0,NUMERIC,MDC_FLOW_FLUID_PUMP,"HUiCyv3WB4sHKzyMSzUcMmcD5wU4jCnqAzWi","MDC_FLOW_FLUID_PUMP",,10.0,,970,""
1775177536689,2026-04-02T20:52:16.689,0,0,NUMERIC,VOLUME_INFUSED,"HUiCyv3WB4sHKzyMSzUcMmcD5wU4jCnqAzWi","VOLUME_INFUSED",,0.09444451,,970,""
1775177536689,2026-04-02T20:52:16.689,0,0,NUMERIC,VTBI,"HUiCyv3WB4sHKzyMSzUcMmcD5wU4jCnqAzWi","VTBI",,99.90558,,970,""
1775177536689,2026-04-02T20:52:16.689,0,0,NUMERIC,BATTERY_LEVEL,"HUiCyv3WB4sHKzyMSzUcMmcD5wU4jCnqAzWi","BATTERY_LEVEL",,84.999985,,970,""
1775177537746,2026-04-02T20:52:17.746,0,0,NUMERIC,MDC_FLOW_FLUID_PUMP,"HUiCyv3WB4sHKzyMSzUcMmcD5wU4jCnqAzWi","MDC_FLOW_FLUID_PUMP",,20.0,,1058,""
1775177537746,2026-04-02T20:52:17.746,0,0,NUMERIC,VOLUME_INFUSED,"HUiCyv3WB4sHKzyMSzUcMmcD5wU4jCnqAzWi","VOLUME_INFUSED",,0.10000007,,1057,""
1775177537747,2026-04-02T20:52:17.747,0,0,NUMERIC,VTBI,"HUiCyv3WB4sHKzyMSzUcMmcD5wU4jCnqAzWi","VTBI",,99.900024,,1058,""
1775177537747,2026-04-02T20:52:17.747,0,0,NUMERIC,BATTERY_LEVEL,"HUiCyv3WB4sHKzyMSzUcMmcD5wU4jCnqAzWi","BATTERY_LEVEL",,84.99998,,1058,""
1775177537775,2026-04-02T20:52:17.775,0,0,HEARTBEAT,HEARTBEAT,"HUiCyv3WB4sHKzyMSzUcMmcD5wU4jCnqAzWi","HEARTBEAT",,12,,5084,""
1775177538689,2026-04-02T20:52:18.689,0,0,NUMERIC,MDC_FLOW_FLUID_PUMP,"HUiCyv3WB4sHKzyMSzUcMmcD5wU4jCnqAzWi","MDC_FLOW_FLUID_PUMP",,20.0,,943,""
1775177538689,2026-04-02T20:52:18.689,0,0,NUMERIC,VOLUME_INFUSED,"HUiCyv3WB4sHKzyMSzUcMmcD5wU4jCnqAzWi","VOLUME_INFUSED",,0.105555624,,943,""
1775177538689,2026-04-02T20:52:18.689,0,0,NUMERIC,VTBI,"HUiCyv3WB4sHKzyMSzUcMmcD5wU4jCnqAzWi","VTBI",,99.89447,,942,""
1775177538689,2026-04-02T20:52:18.689,0,0,NUMERIC,BATTERY_LEVEL,"HUiCyv3WB4sHKzyMSzUcMmcD5wU4jCnqAzWi","BATTERY_LEVEL",,84.99997,,942,""
1775177539787,2026-04-02T20:52:19.787,0,0,NUMERIC,MDC_FLOW_FLUID_PUMP,"HUiCyv3WB4sHKzyMSzUcMmcD5wU4jCnqAzWi","MDC_FLOW_FLUID_PUMP",,50.0,,1098,""
1775177539787,2026-04-02T20:52:19.787,0,0,NUMERIC,VOLUME_INFUSED,"HUiCyv3WB4sHKzyMSzUcMmcD5wU4jCnqAzWi","VOLUME_INFUSED",,0.11944451,,1098,""
1775177539788,2026-04-02T20:52:19.788,0,0,NUMERIC,VTBI,"HUiCyv3WB4sHKzyMSzUcMmcD5wU4jCnqAzWi","VTBI",,99.880585,,1099,""
1775177539788,2026-04-02T20:52:19.788,0,0,NUMERIC,BATTERY_LEVEL,"HUiCyv3WB4sHKzyMSzUcMmcD5wU4jCnqAzWi","BATTERY_LEVEL",,84.99995,,1099,""
1775177543808,2026-04-02T20:52:23.808,0,0,NUMERIC,MDC_FLOW_FLUID_PUMP,"HUiCyv3WB4sHKzyMSzUcMmcD5wU4jCnqAzWi","MDC_FLOW_FLUID_PUMP",,200.0,,4021,""
1775177543808,2026-04-02T20:52:23.808,0,0,NUMERIC,VOLUME_INFUSED,"HUiCyv3WB4sHKzyMSzUcMmcD5wU4jCnqAzWi","VOLUME_INFUSED",,0.17500007,,4021,""
1775177543808,2026-04-02T20:52:23.808,0,0,NUMERIC,VTBI,"HUiCyv3WB4sHKzyMSzUcMmcD5wU4jCnqAzWi","VTBI",,99.82503,,4020,""
1775177543809,2026-04-02T20:52:23.809,0,0,NUMERIC,BATTERY_LEVEL,"HUiCyv3WB4sHKzyMSzUcMmcD5wU4jCnqAzWi","BATTERY_LEVEL",,84.999855,,4021,""
1775177544689,2026-04-02T20:52:24.689,0,0,NUMERIC,MDC_FLOW_FLUID_PUMP,"HUiCyv3WB4sHKzyMSzUcMmcD5wU4jCnqAzWi","MDC_FLOW_FLUID_PUMP",,200.0,,881,""
1775177544690,2026-04-02T20:52:24.690,0,0,NUMERIC,VOLUME_INFUSED,"HUiCyv3WB4sHKzyMSzUcMmcD5wU4jCnqAzWi","VOLUME_INFUSED",,0.23055562,,882,""
1775177544690,2026-04-02T20:52:24.690,0,0,NUMERIC,VTBI,"HUiCyv3WB4sHKzyMSzUcMmcD5wU4jCnqAzWi","VTBI",,99.76947,,882,""
1775177544690,2026-04-02T20:52:24.690,0,0,NUMERIC,BATTERY_LEVEL,"HUiCyv3WB4sHKzyMSzUcMmcD5wU4jCnqAzWi","BATTERY_LEVEL",,84.99976,,881,""
1775177545832,2026-04-02T20:52:25.832,0,0,NUMERIC,MDC_FLOW_FLUID_PUMP,"HUiCyv3WB4sHKzyMSzUcMmcD5wU4jCnqAzWi","MDC_FLOW_FLUID_PUMP",,50.0,,1143,""
1775177545832,2026-04-02T20:52:25.832,0,0,NUMERIC,VOLUME_INFUSED,"HUiCyv3WB4sHKzyMSzUcMmcD5wU4jCnqAzWi","VOLUME_INFUSED",,0.24444452,,1142,""
1775177545833,2026-04-02T20:52:25.833,0,0,NUMERIC,VTBI,"HUiCyv3WB4sHKzyMSzUcMmcD5wU4jCnqAzWi","VTBI",,99.755585,,1143,""
1775177545833,2026-04-02T20:52:25.833,0,0,NUMERIC,BATTERY_LEVEL,"HUiCyv3WB4sHKzyMSzUcMmcD5wU4jCnqAzWi","BATTERY_LEVEL",,84.99974,,1143,""
1775177546689,2026-04-02T20:52:26.689,0,0,NUMERIC,MDC_FLOW_FLUID_PUMP,"HUiCyv3WB4sHKzyMSzUcMmcD5wU4jCnqAzWi","MDC_FLOW_FLUID_PUMP",,50.0,,857,""
1775177546689,2026-04-02T20:52:26.689,0,0,NUMERIC,VOLUME_INFUSED,"HUiCyv3WB4sHKzyMSzUcMmcD5wU4jCnqAzWi","VOLUME_INFUSED",,0.2583334,,857,""
1775177546689,2026-04-02T20:52:26.689,0,0,NUMERIC,VTBI,"HUiCyv3WB4sHKzyMSzUcMmcD5wU4jCnqAzWi","VTBI",,99.7417,,856,""
1775177546689,2026-04-02T20:52:26.689,0,0,NUMERIC,BATTERY_LEVEL,"HUiCyv3WB4sHKzyMSzUcMmcD5wU4jCnqAzWi","BATTERY_LEVEL",,84.99972,,856,""
1775177547783,2026-04-02T20:52:27.783,0,0,NUMERIC,MDC_FLOW_FLUID_PUMP,"HUiCyv3WB4sHKzyMSzUcMmcD5wU4jCnqAzWi","MDC_FLOW_FLUID_PUMP",,20.0,,1094,""
1775177547784,2026-04-02T20:52:27.784,0,0,NUMERIC,VOLUME_INFUSED,"HUiCyv3WB4sHKzyMSzUcMmcD5wU4jCnqAzWi","VOLUME_INFUSED",,0.26388898,,1095,""
1775177547784,2026-04-02T20:52:27.784,0,0,NUMERIC,VTBI,"HUiCyv3WB4sHKzyMSzUcMmcD5wU4jCnqAzWi","VTBI",,99.736145,,1095,""
1775177547785,2026-04-02T20:52:27.785,0,0,NUMERIC,BATTERY_LEVEL,"HUiCyv3WB4sHKzyMSzUcMmcD5wU4jCnqAzWi","BATTERY_LEVEL",,84.99971,,1096,""
1775177547785,2026-04-02T20:52:27.785,0,0,HEARTBEAT,HEARTBEAT,"HUiCyv3WB4sHKzyMSzUcMmcD5wU4jCnqAzWi","HEARTBEAT",,13,,10010,""
1775177548689,2026-04-02T20:52:28.689,0,0,NUMERIC,MDC_FLOW_FLUID_PUMP,"HUiCyv3WB4sHKzyMSzUcMmcD5wU4jCnqAzWi","MDC_FLOW_FLUID_PUMP",,20.0,,906,""
1775177548689,2026-04-02T20:52:28.689,0,0,NUMERIC,VOLUME_INFUSED,"HUiCyv3WB4sHKzyMSzUcMmcD5wU4jCnqAzWi","VOLUME_INFUSED",,0.26944456,,905,""
1775177548689,2026-04-02T20:52:28.689,0,0,NUMERIC,VTBI,"HUiCyv3WB4sHKzyMSzUcMmcD5wU4jCnqAzWi","VTBI",,99.73059,,905,""
1775177548689,2026-04-02T20:52:28.689,0,0,NUMERIC,BATTERY_LEVEL,"HUiCyv3WB4sHKzyMSzUcMmcD5wU4jCnqAzWi","BATTERY_LEVEL",,84.9997,,904,""
1775177549690,2026-04-02T20:52:29.690,0,0,NUMERIC,MDC_FLOW_FLUID_PUMP,"HUiCyv3WB4sHKzyMSzUcMmcD5wU4jCnqAzWi","MDC_FLOW_FLUID_PUMP",,10.0,,1001,""
1775177549691,2026-04-02T20:52:29.691,0,0,NUMERIC,VOLUME_INFUSED,"HUiCyv3WB4sHKzyMSzUcMmcD5wU4jCnqAzWi","VOLUME_INFUSED",,0.27222234,,1002,""
1775177549691,2026-04-02T20:52:29.691,0,0,NUMERIC,VTBI,"HUiCyv3WB4sHKzyMSzUcMmcD5wU4jCnqAzWi","VTBI",,99.72781,,1002,""
1775177549691,2026-04-02T20:52:29.691,0,0,NUMERIC,BATTERY_LEVEL,"HUiCyv3WB4sHKzyMSzUcMmcD5wU4jCnqAzWi","BATTERY_LEVEL",,84.999695,,1002,""
1775177550689,2026-04-02T20:52:30.689,0,0,NUMERIC,MDC_FLOW_FLUID_PUMP,"HUiCyv3WB4sHKzyMSzUcMmcD5wU4jCnqAzWi","MDC_FLOW_FLUID_PUMP",,10.0,,999,""
1775177550689,2026-04-02T20:52:30.689,0,0,NUMERIC,VOLUME_INFUSED,"HUiCyv3WB4sHKzyMSzUcMmcD5wU4jCnqAzWi","VOLUME_INFUSED",,0.27500013,,998,""
1775177550689,2026-04-02T20:52:30.689,0,0,NUMERIC,VTBI,"HUiCyv3WB4sHKzyMSzUcMmcD5wU4jCnqAzWi","VTBI",,99.72504,,998,""
1775177550689,2026-04-02T20:52:30.689,0,0,NUMERIC,BATTERY_LEVEL,"HUiCyv3WB4sHKzyMSzUcMmcD5wU4jCnqAzWi","BATTERY_LEVEL",,84.99969,,998,""
1775177551784,2026-04-02T20:52:31.784,0,0,NUMERIC,MDC_FLOW_FLUID_PUMP,"HUiCyv3WB4sHKzyMSzUcMmcD5wU4jCnqAzWi","MDC_FLOW_FLUID_PUMP",,5.0,,1095,""
1775177551784,2026-04-02T20:52:31.784,0,0,NUMERIC,VOLUME_INFUSED,"HUiCyv3WB4sHKzyMSzUcMmcD5wU4jCnqAzWi","VOLUME_INFUSED",,0.276389,,1095,""
1775177551784,2026-04-02T20:52:31.784,0,0,NUMERIC,VTBI,"HUiCyv3WB4sHKzyMSzUcMmcD5wU4jCnqAzWi","VTBI",,99.72365,,1095,""
1775177551785,2026-04-02T20:52:31.785,0,0,NUMERIC,BATTERY_LEVEL,"HUiCyv3WB4sHKzyMSzUcMmcD5wU4jCnqAzWi","BATTERY_LEVEL",,84.99969,,1096,""
1775177552688,2026-04-02T20:52:32.688,0,0,NUMERIC,MDC_FLOW_FLUID_PUMP,"HUiCyv3WB4sHKzyMSzUcMmcD5wU4jCnqAzWi","MDC_FLOW_FLUID_PUMP",,5.0,,904,""
1775177552689,2026-04-02T20:52:32.689,0,0,NUMERIC,VOLUME_INFUSED,"HUiCyv3WB4sHKzyMSzUcMmcD5wU4jCnqAzWi","VOLUME_INFUSED",,0.27777788,,905,""
1775177552689,2026-04-02T20:52:32.689,0,0,NUMERIC,VTBI,"HUiCyv3WB4sHKzyMSzUcMmcD5wU4jCnqAzWi","VTBI",,99.72226,,905,""
1775177552689,2026-04-02T20:52:32.689,0,0,NUMERIC,BATTERY_LEVEL,"HUiCyv3WB4sHKzyMSzUcMmcD5wU4jCnqAzWi","BATTERY_LEVEL",,84.99969,,904,""
1775177552689,2026-04-02T20:52:32.689,0,0,HEARTBEAT,HEARTBEAT,"HUiCyv3WB4sHKzyMSzUcMmcD5wU4jCnqAzWi","HEARTBEAT",,14,,4904,""
1775177553688,2026-04-02T20:52:33.688,0,0,NUMERIC,MDC_FLOW_FLUID_PUMP,"HUiCyv3WB4sHKzyMSzUcMmcD5wU4jCnqAzWi","MDC_FLOW_FLUID_PUMP",,5.0,,1000,""
1775177553689,2026-04-02T20:52:33.689,0,0,NUMERIC,VOLUME_INFUSED,"HUiCyv3WB4sHKzyMSzUcMmcD5wU4jCnqAzWi","VOLUME_INFUSED",,0.27916676,,1000,""
1775177553689,2026-04-02T20:52:33.689,0,0,NUMERIC,VTBI,"HUiCyv3WB4sHKzyMSzUcMmcD5wU4jCnqAzWi","VTBI",,99.72087,,1000,""
1775177553690,2026-04-02T20:52:33.690,0,0,NUMERIC,BATTERY_LEVEL,"HUiCyv3WB4sHKzyMSzUcMmcD5wU4jCnqAzWi","BATTERY_LEVEL",,84.99969,,1001,""
1775177554688,2026-04-02T20:52:34.688,0,0,NUMERIC,MDC_FLOW_FLUID_PUMP,"HUiCyv3WB4sHKzyMSzUcMmcD5wU4jCnqAzWi","MDC_FLOW_FLUID_PUMP",,5.0,,1000,""
1775177554689,2026-04-02T20:52:34.689,0,0,NUMERIC,VOLUME_INFUSED,"HUiCyv3WB4sHKzyMSzUcMmcD5wU4jCnqAzWi","VOLUME_INFUSED",,0.28055564,,1000,""
1775177554689,2026-04-02T20:52:34.689,0,0,NUMERIC,VTBI,"HUiCyv3WB4sHKzyMSzUcMmcD5wU4jCnqAzWi","VTBI",,99.71948,,1000,""
1775177554689,2026-04-02T20:52:34.689,0,0,NUMERIC,BATTERY_LEVEL,"HUiCyv3WB4sHKzyMSzUcMmcD5wU4jCnqAzWi","BATTERY_LEVEL",,84.99969,,999,""
1775177555690,2026-04-02T20:52:35.690,0,0,NUMERIC,MDC_FLOW_FLUID_PUMP,"HUiCyv3WB4sHKzyMSzUcMmcD5wU4jCnqAzWi","MDC_FLOW_FLUID_PUMP",,5.0,,1002,""
1775177555690,2026-04-02T20:52:35.690,0,0,NUMERIC,VOLUME_INFUSED,"HUiCyv3WB4sHKzyMSzUcMmcD5wU4jCnqAzWi","VOLUME_INFUSED",,0.2819445,,1001,""
1775177555690,2026-04-02T20:52:35.690,0,0,NUMERIC,VTBI,"HUiCyv3WB4sHKzyMSzUcMmcD5wU4jCnqAzWi","VTBI",,99.718094,,1001,""
1775177555690,2026-04-02T20:52:35.690,0,0,NUMERIC,BATTERY_LEVEL,"HUiCyv3WB4sHKzyMSzUcMmcD5wU4jCnqAzWi","BATTERY_LEVEL",,84.99969,,1001,""
1775177556689,2026-04-02T20:52:36.689,0,0,NUMERIC,MDC_FLOW_FLUID_PUMP,"HUiCyv3WB4sHKzyMSzUcMmcD5wU4jCnqAzWi","MDC_FLOW_FLUID_PUMP",,5.0,,999,""
1775177556690,2026-04-02T20:52:36.690,0,0,NUMERIC,VOLUME_INFUSED,"HUiCyv3WB4sHKzyMSzUcMmcD5wU4jCnqAzWi","VOLUME_INFUSED",,0.2833334,,1000,""
1775177556690,2026-04-02T20:52:36.690,0,0,NUMERIC,VTBI,"HUiCyv3WB4sHKzyMSzUcMmcD5wU4jCnqAzWi","VTBI",,99.716705,,1000,""
1775177556690,2026-04-02T20:52:36.690,0,0,NUMERIC,BATTERY_LEVEL,"HUiCyv3WB4sHKzyMSzUcMmcD5wU4jCnqAzWi","BATTERY_LEVEL",,84.99969,,1000,""
1775177557689,2026-04-02T20:52:37.689,0,0,NUMERIC,MDC_FLOW_FLUID_PUMP,"HUiCyv3WB4sHKzyMSzUcMmcD5wU4jCnqAzWi","MDC_FLOW_FLUID_PUMP",,5.0,,1000,""
1775177557689,2026-04-02T20:52:37.689,0,0,NUMERIC,VOLUME_INFUSED,"HUiCyv3WB4sHKzyMSzUcMmcD5wU4jCnqAzWi","VOLUME_INFUSED",,0.28472227,,999,""
1775177557689,2026-04-02T20:52:37.689,0,0,NUMERIC,VTBI,"HUiCyv3WB4sHKzyMSzUcMmcD5wU4jCnqAzWi","VTBI",,99.71532,,999,""
1775177557689,2026-04-02T20:52:37.689,0,0,NUMERIC,BATTERY_LEVEL,"HUiCyv3WB4sHKzyMSzUcMmcD5wU4jCnqAzWi","BATTERY_LEVEL",,84.99969,,999,""
1775177557713,2026-04-02T20:52:37.713,0,0,HEARTBEAT,HEARTBEAT,"HUiCyv3WB4sHKzyMSzUcMmcD5wU4jCnqAzWi","HEARTBEAT",,15,,5024,""
1775177558689,2026-04-02T20:52:38.689,0,0,NUMERIC,MDC_FLOW_FLUID_PUMP,"HUiCyv3WB4sHKzyMSzUcMmcD5wU4jCnqAzWi","MDC_FLOW_FLUID_PUMP",,5.0,,1000,""
1775177558689,2026-04-02T20:52:38.689,0,0,NUMERIC,VOLUME_INFUSED,"HUiCyv3WB4sHKzyMSzUcMmcD5wU4jCnqAzWi","VOLUME_INFUSED",,0.28611115,,1000,""
1775177558689,2026-04-02T20:52:38.689,0,0,NUMERIC,VTBI,"HUiCyv3WB4sHKzyMSzUcMmcD5wU4jCnqAzWi","VTBI",,99.71393,,1000,""
1775177558689,2026-04-02T20:52:38.689,0,0,NUMERIC,BATTERY_LEVEL,"HUiCyv3WB4sHKzyMSzUcMmcD5wU4jCnqAzWi","BATTERY_LEVEL",,84.99969,,1000,""
1775177559689,2026-04-02T20:52:39.689,0,0,NUMERIC,MDC_FLOW_FLUID_PUMP,"HUiCyv3WB4sHKzyMSzUcMmcD5wU4jCnqAzWi","MDC_FLOW_FLUID_PUMP",,5.0,,1000,""
1775177559689,2026-04-02T20:52:39.689,0,0,NUMERIC,VOLUME_INFUSED,"HUiCyv3WB4sHKzyMSzUcMmcD5wU4jCnqAzWi","VOLUME_INFUSED",,0.28750002,,1000,""
1775177559689,2026-04-02T20:52:39.689,0,0,NUMERIC,VTBI,"HUiCyv3WB4sHKzyMSzUcMmcD5wU4jCnqAzWi","VTBI",,99.71254,,1000,""
1775177559689,2026-04-02T20:52:39.689,0,0,NUMERIC,BATTERY_LEVEL,"HUiCyv3WB4sHKzyMSzUcMmcD5wU4jCnqAzWi","BATTERY_LEVEL",,84.99969,,1000,""
1775177560688,2026-04-02T20:52:40.688,0,0,NUMERIC,MDC_FLOW_FLUID_PUMP,"HUiCyv3WB4sHKzyMSzUcMmcD5wU4jCnqAzWi","MDC_FLOW_FLUID_PUMP",,5.0,,999,""
1775177560689,2026-04-02T20:52:40.689,0,0,NUMERIC,VOLUME_INFUSED,"HUiCyv3WB4sHKzyMSzUcMmcD5wU4jCnqAzWi","VOLUME_INFUSED",,0.2888889,,1000,""
1775177560689,2026-04-02T20:52:40.689,0,0,NUMERIC,VTBI,"HUiCyv3WB4sHKzyMSzUcMmcD5wU4jCnqAzWi","VTBI",,99.71115,,1000,""
1775177560689,2026-04-02T20:52:40.689,0,0,NUMERIC,BATTERY_LEVEL,"HUiCyv3WB4sHKzyMSzUcMmcD5wU4jCnqAzWi","BATTERY_LEVEL",,84.99969,,1000,""
1775177561688,2026-04-02T20:52:41.688,0,0,NUMERIC,MDC_FLOW_FLUID_PUMP,"HUiCyv3WB4sHKzyMSzUcMmcD5wU4jCnqAzWi","MDC_FLOW_FLUID_PUMP",,5.0,,1000,""
1775177561688,2026-04-02T20:52:41.688,0,0,NUMERIC,VOLUME_INFUSED,"HUiCyv3WB4sHKzyMSzUcMmcD5wU4jCnqAzWi","VOLUME_INFUSED",,0.29027778,,999,""
1775177561689,2026-04-02T20:52:41.689,0,0,NUMERIC,VTBI,"HUiCyv3WB4sHKzyMSzUcMmcD5wU4jCnqAzWi","VTBI",,99.70976,,1000,""
1775177561689,2026-04-02T20:52:41.689,0,0,NUMERIC,BATTERY_LEVEL,"HUiCyv3WB4sHKzyMSzUcMmcD5wU4jCnqAzWi","BATTERY_LEVEL",,84.99969,,1000,""
1775177562690,2026-04-02T20:52:42.690,0,0,NUMERIC,MDC_FLOW_FLUID_PUMP,"HUiCyv3WB4sHKzyMSzUcMmcD5wU4jCnqAzWi","MDC_FLOW_FLUID_PUMP",,5.0,,1002,""
1775177562691,2026-04-02T20:52:42.691,0,0,NUMERIC,VOLUME_INFUSED,"HUiCyv3WB4sHKzyMSzUcMmcD5wU4jCnqAzWi","VOLUME_INFUSED",,0.29166666,,1003,""
1775177562691,2026-04-02T20:52:42.691,0,0,NUMERIC,VTBI,"HUiCyv3WB4sHKzyMSzUcMmcD5wU4jCnqAzWi","VTBI",,99.708374,,1002,""
1775177562691,2026-04-02T20:52:42.691,0,0,NUMERIC,BATTERY_LEVEL,"HUiCyv3WB4sHKzyMSzUcMmcD5wU4jCnqAzWi","BATTERY_LEVEL",,84.99969,,1002,""
1775177562763,2026-04-02T20:52:42.763,0,0,HEARTBEAT,HEARTBEAT,"HUiCyv3WB4sHKzyMSzUcMmcD5wU4jCnqAzWi","HEARTBEAT",,16,,5050,""
1775177563689,2026-04-02T20:52:43.689,0,0,NUMERIC,MDC_FLOW_FLUID_PUMP,"HUiCyv3WB4sHKzyMSzUcMmcD5wU4jCnqAzWi","MDC_FLOW_FLUID_PUMP",,5.0,,999,""
1775177563690,2026-04-02T20:52:43.690,0,0,NUMERIC,VOLUME_INFUSED,"HUiCyv3WB4sHKzyMSzUcMmcD5wU4jCnqAzWi","VOLUME_INFUSED",,0.29305553,,999,""
1775177563690,2026-04-02T20:52:43.690,0,0,NUMERIC,VTBI,"HUiCyv3WB4sHKzyMSzUcMmcD5wU4jCnqAzWi","VTBI",,99.706985,,999,""
1775177563690,2026-04-02T20:52:43.690,0,0,NUMERIC,BATTERY_LEVEL,"HUiCyv3WB4sHKzyMSzUcMmcD5wU4jCnqAzWi","BATTERY_LEVEL",,84.99969,,999,""
1775177564690,2026-04-02T20:52:44.690,0,0,NUMERIC,MDC_FLOW_FLUID_PUMP,"HUiCyv3WB4sHKzyMSzUcMmcD5wU4jCnqAzWi","MDC_FLOW_FLUID_PUMP",,5.0,,1001,""
1775177564690,2026-04-02T20:52:44.690,0,0,NUMERIC,VOLUME_INFUSED,"HUiCyv3WB4sHKzyMSzUcMmcD5wU4jCnqAzWi","VOLUME_INFUSED",,0.2944444,,1000,""
1775177564690,2026-04-02T20:52:44.690,0,0,NUMERIC,VTBI,"HUiCyv3WB4sHKzyMSzUcMmcD5wU4jCnqAzWi","VTBI",,99.7056,,1000,""
1775177564690,2026-04-02T20:52:44.690,0,0,NUMERIC,BATTERY_LEVEL,"HUiCyv3WB4sHKzyMSzUcMmcD5wU4jCnqAzWi","BATTERY_LEVEL",,84.99969,,1000,""
1775177565688,2026-04-02T20:52:45.688,0,0,NUMERIC,MDC_FLOW_FLUID_PUMP,"HUiCyv3WB4sHKzyMSzUcMmcD5wU4jCnqAzWi","MDC_FLOW_FLUID_PUMP",,5.0,,998,""
1775177565689,2026-04-02T20:52:45.689,0,0,NUMERIC,VOLUME_INFUSED,"HUiCyv3WB4sHKzyMSzUcMmcD5wU4jCnqAzWi","VOLUME_INFUSED",,0.2958333,,999,""
1775177565689,2026-04-02T20:52:45.689,0,0,NUMERIC,VTBI,"HUiCyv3WB4sHKzyMSzUcMmcD5wU4jCnqAzWi","VTBI",,99.70421,,999,""
1775177565689,2026-04-02T20:52:45.689,0,0,NUMERIC,BATTERY_LEVEL,"HUiCyv3WB4sHKzyMSzUcMmcD5wU4jCnqAzWi","BATTERY_LEVEL",,84.99969,,999,""
1775177566688,2026-04-02T20:52:46.688,0,0,NUMERIC,MDC_FLOW_FLUID_PUMP,"HUiCyv3WB4sHKzyMSzUcMmcD5wU4jCnqAzWi","MDC_FLOW_FLUID_PUMP",,5.0,,1000,""
1775177566689,2026-04-02T20:52:46.689,0,0,NUMERIC,VOLUME_INFUSED,"HUiCyv3WB4sHKzyMSzUcMmcD5wU4jCnqAzWi","VOLUME_INFUSED",,0.29722217,,1000,""
1775177566689,2026-04-02T20:52:46.689,0,0,NUMERIC,VTBI,"HUiCyv3WB4sHKzyMSzUcMmcD5wU4jCnqAzWi","VTBI",,99.70282,,1000,""
1775177566689,2026-04-02T20:52:46.689,0,0,NUMERIC,BATTERY_LEVEL,"HUiCyv3WB4sHKzyMSzUcMmcD5wU4jCnqAzWi","BATTERY_LEVEL",,84.99969,,1000,""
1775177567690,2026-04-02T20:52:47.690,0,0,NUMERIC,MDC_FLOW_FLUID_PUMP,"HUiCyv3WB4sHKzyMSzUcMmcD5wU4jCnqAzWi","MDC_FLOW_FLUID_PUMP",,5.0,,1002,""
1775177567690,2026-04-02T20:52:47.690,0,0,NUMERIC,VOLUME_INFUSED,"HUiCyv3WB4sHKzyMSzUcMmcD5wU4jCnqAzWi","VOLUME_INFUSED",,0.29861104,,1001,""
1775177567690,2026-04-02T20:52:47.690,0,0,NUMERIC,VTBI,"HUiCyv3WB4sHKzyMSzUcMmcD5wU4jCnqAzWi","VTBI",,99.70143,,1001,""
1775177567690,2026-04-02T20:52:47.690,0,0,NUMERIC,BATTERY_LEVEL,"HUiCyv3WB4sHKzyMSzUcMmcD5wU4jCnqAzWi","BATTERY_LEVEL",,84.99969,,1001,""
1775177567690,2026-04-02T20:52:47.690,0,0,HEARTBEAT,HEARTBEAT,"HUiCyv3WB4sHKzyMSzUcMmcD5wU4jCnqAzWi","HEARTBEAT",,17,,4927,""
1775177568688,2026-04-02T20:52:48.688,0,0,NUMERIC,MDC_FLOW_FLUID_PUMP,"HUiCyv3WB4sHKzyMSzUcMmcD5wU4jCnqAzWi","MDC_FLOW_FLUID_PUMP",,5.0,,998,""
1775177568689,2026-04-02T20:52:48.689,0,0,NUMERIC,VOLUME_INFUSED,"HUiCyv3WB4sHKzyMSzUcMmcD5wU4jCnqAzWi","VOLUME_INFUSED",,0.29999992,,999,""
1775177568689,2026-04-02T20:52:48.689,0,0,NUMERIC,VTBI,"HUiCyv3WB4sHKzyMSzUcMmcD5wU4jCnqAzWi","VTBI",,99.70004,,999,""
1775177568689,2026-04-02T20:52:48.689,0,0,NUMERIC,BATTERY_LEVEL,"HUiCyv3WB4sHKzyMSzUcMmcD5wU4jCnqAzWi","BATTERY_LEVEL",,84.99969,,999,""
1775177569689,2026-04-02T20:52:49.689,0,0,NUMERIC,MDC_FLOW_FLUID_PUMP,"HUiCyv3WB4sHKzyMSzUcMmcD5wU4jCnqAzWi","MDC_FLOW_FLUID_PUMP",,5.0,,1001,""
1775177569690,2026-04-02T20:52:49.690,0,0,NUMERIC,VOLUME_INFUSED,"HUiCyv3WB4sHKzyMSzUcMmcD5wU4jCnqAzWi","VOLUME_INFUSED",,0.3013888,,1001,""
1775177569690,2026-04-02T20:52:49.690,0,0,NUMERIC,VTBI,"HUiCyv3WB4sHKzyMSzUcMmcD5wU4jCnqAzWi","VTBI",,99.698654,,1001,""
1775177569690,2026-04-02T20:52:49.690,0,0,NUMERIC,BATTERY_LEVEL,"HUiCyv3WB4sHKzyMSzUcMmcD5wU4jCnqAzWi","BATTERY_LEVEL",,84.99969,,1001,""
1775177570689,2026-04-02T20:52:50.689,0,0,NUMERIC,MDC_FLOW_FLUID_PUMP,"HUiCyv3WB4sHKzyMSzUcMmcD5wU4jCnqAzWi","MDC_FLOW_FLUID_PUMP",,5.0,,1000,""
1775177570689,2026-04-02T20:52:50.689,0,0,NUMERIC,VOLUME_INFUSED,"HUiCyv3WB4sHKzyMSzUcMmcD5wU4jCnqAzWi","VOLUME_INFUSED",,0.30277768,,999,""
1775177570689,2026-04-02T20:52:50.689,0,0,NUMERIC,VTBI,"HUiCyv3WB4sHKzyMSzUcMmcD5wU4jCnqAzWi","VTBI",,99.697266,,999,""
1775177570689,2026-04-02T20:52:50.689,0,0,NUMERIC,BATTERY_LEVEL,"HUiCyv3WB4sHKzyMSzUcMmcD5wU4jCnqAzWi","BATTERY_LEVEL",,84.99969,,999,""
1775177571689,2026-04-02T20:52:51.689,0,0,NUMERIC,MDC_FLOW_FLUID_PUMP,"HUiCyv3WB4sHKzyMSzUcMmcD5wU4jCnqAzWi","MDC_FLOW_FLUID_PUMP",,5.0,,1000,""
1775177571690,2026-04-02T20:52:51.690,0,0,NUMERIC,VOLUME_INFUSED,"HUiCyv3WB4sHKzyMSzUcMmcD5wU4jCnqAzWi","VOLUME_INFUSED",,0.30416656,,1001,""
1775177571690,2026-04-02T20:52:51.690,0,0,NUMERIC,VTBI,"HUiCyv3WB4sHKzyMSzUcMmcD5wU4jCnqAzWi","VTBI",,99.69588,,1001,""
1775177571690,2026-04-02T20:52:51.690,0,0,NUMERIC,BATTERY_LEVEL,"HUiCyv3WB4sHKzyMSzUcMmcD5wU4jCnqAzWi","BATTERY_LEVEL",,84.99969,,1001,""
1775177572690,2026-04-02T20:52:52.690,0,0,NUMERIC,MDC_FLOW_FLUID_PUMP,"HUiCyv3WB4sHKzyMSzUcMmcD5wU4jCnqAzWi","MDC_FLOW_FLUID_PUMP",,5.0,,1001,""
1775177572691,2026-04-02T20:52:52.691,0,0,NUMERIC,VOLUME_INFUSED,"HUiCyv3WB4sHKzyMSzUcMmcD5wU4jCnqAzWi","VOLUME_INFUSED",,0.30555543,,1001,""
1775177572691,2026-04-02T20:52:52.691,0,0,NUMERIC,VTBI,"HUiCyv3WB4sHKzyMSzUcMmcD5wU4jCnqAzWi","VTBI",,99.69449,,1001,""
1775177572691,2026-04-02T20:52:52.691,0,0,NUMERIC,BATTERY_LEVEL,"HUiCyv3WB4sHKzyMSzUcMmcD5wU4jCnqAzWi","BATTERY_LEVEL",,84.99969,,1001,""
1775177572691,2026-04-02T20:52:52.691,0,0,HEARTBEAT,HEARTBEAT,"HUiCyv3WB4sHKzyMSzUcMmcD5wU4jCnqAzWi","HEARTBEAT",,18,,5001,""
1775177573689,2026-04-02T20:52:53.689,0,0,NUMERIC,MDC_FLOW_FLUID_PUMP,"HUiCyv3WB4sHKzyMSzUcMmcD5wU4jCnqAzWi","MDC_FLOW_FLUID_PUMP",,5.0,,999,""
1775177573690,2026-04-02T20:52:53.690,0,0,NUMERIC,VOLUME_INFUSED,"HUiCyv3WB4sHKzyMSzUcMmcD5wU4jCnqAzWi","VOLUME_INFUSED",,0.3069443,,999,""
1775177573690,2026-04-02T20:52:53.690,0,0,NUMERIC,VTBI,"HUiCyv3WB4sHKzyMSzUcMmcD5wU4jCnqAzWi","VTBI",,99.6931,,999,""
1775177573690,2026-04-02T20:52:53.690,0,0,NUMERIC,BATTERY_LEVEL,"HUiCyv3WB4sHKzyMSzUcMmcD5wU4jCnqAzWi","BATTERY_LEVEL",,84.99969,,999,""
1775177574688,2026-04-02T20:52:54.688,0,0,NUMERIC,MDC_FLOW_FLUID_PUMP,"HUiCyv3WB4sHKzyMSzUcMmcD5wU4jCnqAzWi","MDC_FLOW_FLUID_PUMP",,5.0,,999,""
1775177574689,2026-04-02T20:52:54.689,0,0,NUMERIC,VOLUME_INFUSED,"HUiCyv3WB4sHKzyMSzUcMmcD5wU4jCnqAzWi","VOLUME_INFUSED",,0.3083332,,999,""
1775177574689,2026-04-02T20:52:54.689,0,0,NUMERIC,VTBI,"HUiCyv3WB4sHKzyMSzUcMmcD5wU4jCnqAzWi","VTBI",,99.69171,,999,""
1775177574689,2026-04-02T20:52:54.689,0,0,NUMERIC,BATTERY_LEVEL,"HUiCyv3WB4sHKzyMSzUcMmcD5wU4jCnqAzWi","BATTERY_LEVEL",,84.99969,,999,""
1775177575688,2026-04-02T20:52:55.688,0,0,NUMERIC,MDC_FLOW_FLUID_PUMP,"HUiCyv3WB4sHKzyMSzUcMmcD5wU4jCnqAzWi","MDC_FLOW_FLUID_PUMP",,5.0,,1000,""
1775177575689,2026-04-02T20:52:55.689,0,0,NUMERIC,VOLUME_INFUSED,"HUiCyv3WB4sHKzyMSzUcMmcD5wU4jCnqAzWi","VOLUME_INFUSED",,0.30972207,,1000,""
1775177575689,2026-04-02T20:52:55.689,0,0,NUMERIC,VTBI,"HUiCyv3WB4sHKzyMSzUcMmcD5wU4jCnqAzWi","VTBI",,99.69032,,1000,""
1775177575689,2026-04-02T20:52:55.689,0,0,NUMERIC,BATTERY_LEVEL,"HUiCyv3WB4sHKzyMSzUcMmcD5wU4jCnqAzWi","BATTERY_LEVEL",,84.99969,,1000,""
1775177576690,2026-04-02T20:52:56.690,0,0,NUMERIC,MDC_FLOW_FLUID_PUMP,"HUiCyv3WB4sHKzyMSzUcMmcD5wU4jCnqAzWi","MDC_FLOW_FLUID_PUMP",,5.0,,1002,""
1775177576690,2026-04-02T20:52:56.690,0,0,NUMERIC,VOLUME_INFUSED,"HUiCyv3WB4sHKzyMSzUcMmcD5wU4jCnqAzWi","VOLUME_INFUSED",,0.31111094,,1001,""
1775177576690,2026-04-02T20:52:56.690,0,0,NUMERIC,VTBI,"HUiCyv3WB4sHKzyMSzUcMmcD5wU4jCnqAzWi","VTBI",,99.688934,,1001,""
1775177576690,2026-04-02T20:52:56.690,0,0,NUMERIC,BATTERY_LEVEL,"HUiCyv3WB4sHKzyMSzUcMmcD5wU4jCnqAzWi","BATTERY_LEVEL",,84.99969,,1001,""
1775177577689,2026-04-02T20:52:57.689,0,0,NUMERIC,MDC_FLOW_FLUID_PUMP,"HUiCyv3WB4sHKzyMSzUcMmcD5wU4jCnqAzWi","MDC_FLOW_FLUID_PUMP",,5.0,,999,""
1775177577690,2026-04-02T20:52:57.690,0,0,NUMERIC,VOLUME_INFUSED,"HUiCyv3WB4sHKzyMSzUcMmcD5wU4jCnqAzWi","VOLUME_INFUSED",,0.31249982,,1000,""
1775177577690,2026-04-02T20:52:57.690,0,0,NUMERIC,VTBI,"HUiCyv3WB4sHKzyMSzUcMmcD5wU4jCnqAzWi","VTBI",,99.687546,,1000,""
1775177577690,2026-04-02T20:52:57.690,0,0,NUMERIC,BATTERY_LEVEL,"HUiCyv3WB4sHKzyMSzUcMmcD5wU4jCnqAzWi","BATTERY_LEVEL",,84.99969,,1000,""
1775177577690,2026-04-02T20:52:57.690,0,0,HEARTBEAT,HEARTBEAT,"HUiCyv3WB4sHKzyMSzUcMmcD5wU4jCnqAzWi","HEARTBEAT",,19,,4999,""
1775177578689,2026-04-02T20:52:58.689,0,0,NUMERIC,MDC_FLOW_FLUID_PUMP,"HUiCyv3WB4sHKzyMSzUcMmcD5wU4jCnqAzWi","MDC_FLOW_FLUID_PUMP",,5.0,,1000,""
1775177578690,2026-04-02T20:52:58.690,0,0,NUMERIC,VOLUME_INFUSED,"HUiCyv3WB4sHKzyMSzUcMmcD5wU4jCnqAzWi","VOLUME_INFUSED",,0.3138887,,1000,""
1775177578690,2026-04-02T20:52:58.690,0,0,NUMERIC,VTBI,"HUiCyv3WB4sHKzyMSzUcMmcD5wU4jCnqAzWi","VTBI",,99.68616,,1000,""
1775177578690,2026-04-02T20:52:58.690,0,0,NUMERIC,BATTERY_LEVEL,"HUiCyv3WB4sHKzyMSzUcMmcD5wU4jCnqAzWi","BATTERY_LEVEL",,84.99969,,1000,""
1775177579689,2026-04-02T20:52:59.689,0,0,NUMERIC,MDC_FLOW_FLUID_PUMP,"HUiCyv3WB4sHKzyMSzUcMmcD5wU4jCnqAzWi","MDC_FLOW_FLUID_PUMP",,5.0,,1000,""
1775177579690,2026-04-02T20:52:59.690,0,0,NUMERIC,VOLUME_INFUSED,"HUiCyv3WB4sHKzyMSzUcMmcD5wU4jCnqAzWi","VOLUME_INFUSED",,0.31527758,,1000,""
1775177579690,2026-04-02T20:52:59.690,0,0,NUMERIC,VTBI,"HUiCyv3WB4sHKzyMSzUcMmcD5wU4jCnqAzWi","VTBI",,99.68477,,1000,""
1775177579691,2026-04-02T20:52:59.691,0,0,NUMERIC,BATTERY_LEVEL,"HUiCyv3WB4sHKzyMSzUcMmcD5wU4jCnqAzWi","BATTERY_LEVEL",,84.99969,,1001,""
